{
  "posts": [
    [
      {
          "citizenId": 1,
          "name": "Venmathi",
          "dob": "2000-30-04",
          "emailid": "venmathhi@gmail.com",
          "mobileno": "9853743878",
          "gender": "Female",
          "address": "No.112, anna nagar,chennai"
      },
      {
          "citizenId": 2,
          "name": "suwedha",
          "dob": "2000-09-04",
          "emailid": "swe@gmail.com",
          "mobileno": "9150934578",
          "gender": "Female",
          "address": "No.18, kamarajar nagar,chennai"
      },
      {
          "citizenId": 3,
          "name": "sharmila",
          "dob": "2005-08-12",
          "emailid": "sharmi@gmail.com",
          "mobileno": "9345885643",
          "gender": "Female",
          "address": "No.18, kumaran nagar,theni"
      },
      {
          "citizenId": 4,
          "name": "sharmila",
          "dob": "2005-08-12",
          "emailid": "sharmi@gmail.com",
          "mobileno": "9345885643",
          "gender": "Female",
          "address": "No.18, kumaran nagar,Thrichy"
      }
  ]
  ],
  "comments": [
    {
      "id": 1,
      "body": "some comment",
      "postId": 1
    }
  ],
  "profile": {
    "name": "typicode"
  }
}