{
  "posts": [
    {
      "id": 1,
      "title": "json-server",
      "author": "typicode"
    },
    {
      "firstName": "suwedha",
      "lastName": "sai",
      "email": "suwedha@gmail.com",
      "id": 2
    },
    {
      "firstName": "jaya",
      "lastName": "priya",
      "email": "jayapriya@gmail.com",
      "id": 3
    },
    {
      "firstName": "tamil",
      "lastName": "selvi",
      "email": "tamil@gmail.com",
      "id": 4
    },
    {
      "firstName": "Jeoseph",
      "lastName": "Vijay",
      "email": "vijay@gmail.com",
      "id": 5
    },
    {
      "firstName": "Venmathi",
      "lastName": "Elumalai",
      "email": "venmathi@gmail.com",
      "id": 6
    },
    {
      "firstName": "Surya",
      "lastName": "Prakash",
      "email": "surya@gmail.com",
      "id": 7
    },
    {
      "firstName": "Ravi",
      "lastName": "Ram",
      "email": "ravi.ram@gmail.com",
      "id": 8
    },
    {
      "firstName": "Siva",
      "lastName": "sankari",
      "email": "siva@gmail.com",
      "id": 9
    },
    {
      "firstName": "Divya",
      "lastName": "Dharshini",
      "email": "divya@gmail.com",
      "id": 10
    },
    {
      "firstName": "Priya",
      "lastName": "dharshini",
      "email": "priya@gmail.com",
      "id": 11
    },
    {
      "firstName": "Jansi",
      "lastName": "Rani",
      "email": "rani@gmail.com",
      "id": 12
    }
  ],
  "comments": [
    {
      "id": 1,
      "body": "some comment",
      "postId": 1
    }
  ],
  "profile": {
    "name": "typicode"
  }
}